OrderID,CustomerID,OrderAmount,OrderDate
5001,101,150.00,2023-01-15
5002,103,200.50,2023-01-16
5003,102,75.25,2023-01-17
5004,105,300.00,2023-01-18
5005,101,50.00,2023-01-19
5006,104,120.75,2023-01-20
5007,108,90.00,2023-01-21
5008,102,180.00,2023-01-22
5009,106,250.00,2023-01-23
5010,109,60.00,2023-01-24
